Time,Symbol,Price,Quantity,Type,Status,Value,Tag
2024-01-02T15:00:00Z,TSLA,248.81,229,Market,Filled,56977.49, 
2024-01-02T17:00:00Z,TSLA,250.46,-1,Market,Filled,-250.46, 
2024-01-02T18:00:00Z,TSLA,247.59,1,Market,Filled,247.59, 
2024-01-03T15:00:00Z,TSLA,239.15,4,Market,Filled,956.6, 
2024-01-03T16:00:00Z,TSLA,239.53,-1,Market,Filled,-239.53, 
2024-01-05T15:00:00Z,TSLA,237.86,1,Market,Filled,237.86, 
2024-01-08T16:00:00Z,TSLA,236.63,1,Market,Filled,236.63, 
2024-01-08T17:00:00Z,TSLA,238.43,-1,Market,Filled,-238.43, 
2024-01-08T18:00:00Z,TSLA,239.51,-1,Market,Filled,-239.51, 
2024-01-09T15:00:00Z,TSLA,235.66,2,Market,Filled,471.32, 
2024-01-09T16:00:00Z,TSLA,233.43,1,Market,Filled,233.43, 
2024-01-09T17:00:00Z,TSLA,235.14,-1,Market,Filled,-235.14, 
2024-01-09T20:00:00Z,TSLA,234.17,1,Market,Filled,234.17, 
2024-01-10T20:00:00Z,TSLA,235.15,-1,Market,Filled,-235.15, 
2024-01-11T15:00:00Z,TSLA,228.06,3,Market,Filled,684.18, 
2024-01-11T16:00:00Z,TSLA,227.23,1,Market,Filled,227.23, 
2024-01-11T20:00:00Z,TSLA,228.26,-1,Market,Filled,-228.26, 
2024-01-12T15:00:00Z,TSLA,224.45,2,Market,Filled,448.9, 
2024-01-12T16:00:00Z,TSLA,220.96,2,Market,Filled,441.92, 
2024-01-12T17:00:00Z,TSLA,218.19,1,Market,Filled,218.19, 
2024-01-12T18:00:00Z,TSLA,219.55,-1,Market,Filled,-219.55, 
2024-01-12T19:00:00Z,TSLA,218.57,1,Market,Filled,218.57, 
2024-01-16T16:00:00Z,TSLA,221.1,-1,Market,Filled,-221.1, 
2024-01-17T15:00:00Z,TSLA,214.21,3,Market,Filled,642.63, 
2024-01-17T19:00:00Z,TSLA,212.57,1,Market,Filled,212.57, 
2024-01-17T20:00:00Z,TSLA,214.58,-1,Market,Filled,-214.58, 
2024-01-18T15:00:00Z,TSLA,216.01,-1,Market,Filled,-216.01, 
2024-01-18T16:00:00Z,TSLA,211.5,2,Market,Filled,423, 
2024-01-18T18:00:00Z,TSLA,210.13,1,Market,Filled,210.13, 
2024-01-19T15:00:00Z,TSLA,211.83,-1,Market,Filled,-211.83, 
2024-01-19T16:00:00Z,TSLA,209.37,1,Market,Filled,209.37, 
2024-01-19T17:00:00Z,TSLA,208.63,1,Market,Filled,208.63, 
2024-01-19T18:00:00Z,TSLA,209.43,-1,Market,Filled,-209.43, 
2024-01-19T20:00:00Z,TSLA,211.94,-1,Market,Filled,-211.94, 
2024-01-22T15:00:00Z,TSLA,216.95,-2,Market,Filled,-433.9, 
2024-01-22T16:00:00Z,TSLA,210.04,3,Market,Filled,630.12, 
2024-01-22T19:00:00Z,TSLA,208.96,1,Market,Filled,208.96, 
2024-01-22T20:00:00Z,TSLA,207.21,1,Market,Filled,207.21, 
2024-01-23T15:00:00Z,TSLA,212.44,-3,Market,Filled,-637.32, 
2024-01-23T16:00:00Z,TSLA,211.035,1,Market,Filled,211.035, 
2024-01-23T19:00:00Z,TSLA,208.6,1,Market,Filled,208.6, 
2024-01-24T16:00:00Z,TSLA,211.88,-2,Market,Filled,-423.76, 
2024-01-24T18:00:00Z,TSLA,210.96,1,Market,Filled,210.96, 
2024-01-24T20:00:00Z,TSLA,208.66,1,Market,Filled,208.66, 
2024-01-25T15:00:00Z,TSLA,189.4,11,Market,Filled,2083.4, 
2024-01-25T16:00:00Z,TSLA,185.04,2,Market,Filled,370.08, 
2024-01-25T17:00:00Z,TSLA,184.21,1,Market,Filled,184.21, 
2024-01-25T18:00:00Z,TSLA,181.63,1,Market,Filled,181.63, 
2024-01-25T19:00:00Z,TSLA,180.8,1,Market,Filled,180.8, 
2024-01-25T20:00:00Z,TSLA,182.95,-1,Market,Filled,-182.95, 
2024-01-26T15:00:00Z,TSLA,185.13,-2,Market,Filled,-370.26, 
2024-01-26T17:00:00Z,TSLA,184.63,1,Market,Filled,184.63, 
2024-01-26T19:00:00Z,TSLA,182.66,1,Market,Filled,182.66, 
2024-01-26T20:00:00Z,TSLA,183.27,-1,Market,Filled,-183.27, 
2024-01-29T16:00:00Z,TSLA,187.27,-2,Market,Filled,-374.54, 
2024-01-29T17:00:00Z,TSLA,189.4,-1,Market,Filled,-189.4, 
2024-01-30T15:00:00Z,TSLA,194.43,-3,Market,Filled,-583.29, 
2024-01-30T18:00:00Z,TSLA,191.48,1,Market,Filled,191.48, 
2024-01-31T15:00:00Z,TSLA,189.34,2,Market,Filled,378.68, 
2024-01-31T16:00:00Z,TSLA,190.13,-1,Market,Filled,-190.13, 
2024-01-31T18:00:00Z,TSLA,191.53,-1,Market,Filled,-191.53, 
2024-02-01T15:00:00Z,TSLA,188.07,2,Market,Filled,376.14, 
2024-02-01T16:00:00Z,TSLA,184.58,3,Market,Filled,553.74, 
2024-02-01T17:00:00Z,TSLA,185.64,-1,Market,Filled,-185.64, 
2024-02-01T18:00:00Z,TSLA,187.52,-1,Market,Filled,-187.52, 
2024-02-01T20:00:00Z,TSLA,188.53,-1,Market,Filled,-188.53, 
2024-02-02T15:00:00Z,TSLA,184.21,3,Market,Filled,552.63, 
2024-02-02T16:00:00Z,TSLA,182.87,1,Market,Filled,182.87, 
2024-02-02T17:00:00Z,TSLA,183.36,-1,Market,Filled,-183.36, 
2024-02-02T19:00:00Z,TSLA,186.26,-1,Market,Filled,-186.26, 
2024-02-02T20:00:00Z,TSLA,187.835,-1,Market,Filled,-187.835, 
2024-02-05T15:00:00Z,TSLA,182.6,3,Market,Filled,547.8, 
2024-02-05T16:00:00Z,TSLA,175.61,4,Market,Filled,702.44, 
2024-02-05T17:00:00Z,TSLA,178.76,-2,Market,Filled,-357.52, 
2024-02-05T18:00:00Z,TSLA,181.96,-2,Market,Filled,-363.92, 
2024-02-05T19:00:00Z,TSLA,181.26,1,Market,Filled,181.26, 
2024-02-06T15:00:00Z,TSLA,183.9,-2,Market,Filled,-367.8, 
2024-02-06T16:00:00Z,TSLA,185.04,-1,Market,Filled,-185.04, 
2024-02-06T17:00:00Z,TSLA,181.5,3,Market,Filled,544.5, 
2024-02-06T18:00:00Z,TSLA,183.01,-1,Market,Filled,-183.01, 
2024-02-06T19:00:00Z,TSLA,183.4,-1,Market,Filled,-183.4, 
2024-02-06T20:00:00Z,TSLA,185,-1,Market,Filled,-185, 
2024-02-07T15:00:00Z,TSLA,184.8,1,Market,Filled,184.8, 
2024-02-07T16:00:00Z,TSLA,186,-1,Market,Filled,-186, 
2024-02-07T17:00:00Z,TSLA,186.98,-1,Market,Filled,-186.98, 
2024-02-07T19:00:00Z,TSLA,189.52,-1,Market,Filled,-189.52, 
2024-02-08T15:00:00Z,TSLA,187.97,1,Market,Filled,187.97, 
2024-02-08T16:00:00Z,TSLA,189.245,-1,Market,Filled,-189.245, 
2024-02-08T17:00:00Z,TSLA,190.81,-1,Market,Filled,-190.81, 
2024-02-08T18:00:00Z,TSLA,189.11,1,Market,Filled,189.11, 
2024-02-09T15:00:00Z,TSLA,193.61,-3,Market,Filled,-580.83, 
2024-02-09T16:00:00Z,TSLA,192.07,1,Market,Filled,192.07, 
2024-02-09T17:00:00Z,TSLA,191.36,1,Market,Filled,191.36, 
2024-02-09T18:00:00Z,TSLA,192.55,-1,Market,Filled,-192.55, 
2024-02-12T15:00:00Z,TSLA,194.27,-1,Market,Filled,-194.27, 
2024-02-12T16:00:00Z,TSLA,190.66,2,Market,Filled,381.32, 
2024-02-12T18:00:00Z,TSLA,189.75,1,Market,Filled,189.75, 
2024-02-12T20:00:00Z,TSLA,187.83,1,Market,Filled,187.83, 
2024-02-13T15:00:00Z,TSLA,186.38,1,Market,Filled,186.38, 
2024-02-13T16:00:00Z,TSLA,183.81,1,Market,Filled,183.81, 
2024-02-13T20:00:00Z,TSLA,182.62,1,Market,Filled,182.62, 
2024-02-14T15:00:00Z,TSLA,184.79,-1,Market,Filled,-184.79, 
2024-02-14T17:00:00Z,TSLA,185.79,-1,Market,Filled,-185.79, 
2024-02-14T19:00:00Z,TSLA,186.78,-1,Market,Filled,-186.78, 
2024-02-15T15:00:00Z,TSLA,192.89,-3,Market,Filled,-578.67, 
2024-02-15T17:00:00Z,TSLA,194.69,-1,Market,Filled,-194.69, 
2024-02-15T18:00:00Z,TSLA,195.87,-1,Market,Filled,-195.87, 
2024-02-15T19:00:00Z,TSLA,198.16,-1,Market,Filled,-198.16, 
2024-02-16T16:00:00Z,TSLA,200.32,-1,Market,Filled,-200.32, 
2024-02-16T17:00:00Z,TSLA,202.31,-1,Market,Filled,-202.31, 
2024-02-16T18:00:00Z,TSLA,200.02,1,Market,Filled,200.02, 
2024-02-20T15:00:00Z,TSLA,193.28,4,Market,Filled,773.12, 
2024-02-20T17:00:00Z,TSLA,191.38,1,Market,Filled,191.38, 
2024-02-20T18:00:00Z,TSLA,189.72,1,Market,Filled,189.72, 
2024-02-20T19:00:00Z,TSLA,191.47,-1,Market,Filled,-191.47, 
2024-02-20T20:00:00Z,TSLA,192.15,-1,Market,Filled,-192.15, 
2024-02-21T15:00:00Z,TSLA,197.18,-3,Market,Filled,-591.54, 
2024-02-21T16:00:00Z,TSLA,195,2,Market,Filled,390, 
2024-02-21T20:00:00Z,TSLA,192.86,1,Market,Filled,192.86, 
2024-02-22T17:00:00Z,TSLA,194.57,-1,Market,Filled,-194.57, 
2024-02-22T18:00:00Z,TSLA,196.465,-1,Market,Filled,-196.465, 
2024-02-22T20:00:00Z,TSLA,197.09,-1,Market,Filled,-197.09, 
2024-02-23T15:00:00Z,TSLA,194.95,2,Market,Filled,389.9, 
2024-02-23T19:00:00Z,TSLA,193.35,1,Market,Filled,193.35, 
2024-02-26T15:00:00Z,TSLA,196.43,-2,Market,Filled,-392.86, 
2024-02-26T16:00:00Z,TSLA,198.78,-1,Market,Filled,-198.78, 
2024-02-26T17:00:00Z,TSLA,200.97,-2,Market,Filled,-401.94, 
2024-02-26T18:00:00Z,TSLA,199.85,1,Market,Filled,199.85, 
2024-02-27T15:00:00Z,TSLA,202.32,-1,Market,Filled,-202.32, 
2024-02-27T18:00:00Z,TSLA,198.81,2,Market,Filled,397.62, 
2024-02-27T19:00:00Z,TSLA,200.24,-1,Market,Filled,-200.24, 
2024-02-28T16:00:00Z,TSLA,203.73,-2,Market,Filled,-407.46, 
2024-02-28T20:00:00Z,TSLA,202.17,1,Market,Filled,202.17, 
2024-02-29T16:00:00Z,TSLA,200.38,1,Market,Filled,200.38, 
2024-03-01T18:00:00Z,TSLA,203.12,-2,Market,Filled,-406.24, 
2024-03-04T15:00:00Z,TSLA,193.31,6,Market,Filled,1159.86, 
2024-03-04T16:00:00Z,TSLA,191.251,1,Market,Filled,191.251, 
2024-03-04T18:00:00Z,TSLA,187.76,2,Market,Filled,375.52, 
2024-03-04T20:00:00Z,TSLA,189.03,-1,Market,Filled,-189.03, 
2024-03-05T15:00:00Z,TSLA,182.5,4,Market,Filled,730, 
2024-03-05T16:00:00Z,TSLA,178.82,3,Market,Filled,536.46, 
2024-03-05T17:00:00Z,TSLA,178.92,-1,Market,Filled,-178.92, 
2024-03-05T18:00:00Z,TSLA,181.13,-1,Market,Filled,-181.13, 
2024-03-05T20:00:00Z,TSLA,179.39,1,Market,Filled,179.39, 
2024-03-06T15:00:00Z,TSLA,176.27,2,Market,Filled,352.54, 
2024-03-06T17:00:00Z,TSLA,177.84,-1,Market,Filled,-177.84, 
2024-03-07T17:00:00Z,TSLA,176.95,1,Market,Filled,176.95, 
2024-03-07T19:00:00Z,TSLA,178.7,-1,Market,Filled,-178.7, 
2024-03-07T20:00:00Z,TSLA,179.71,-1,Market,Filled,-179.71, 
2024-03-08T16:00:00Z,TSLA,175.68,3,Market,Filled,527.04, 
2024-03-08T17:00:00Z,TSLA,176.43,-1,Market,Filled,-176.43, 
2024-03-08T18:00:00Z,TSLA,175.35,1,Market,Filled,175.35, 
2024-03-08T20:00:00Z,TSLA,176.21,-1,Market,Filled,-176.21, 
2024-03-11T14:00:00Z,TSLA,181.83,-3,Market,Filled,-545.49, 
2024-03-11T15:00:00Z,TSLA,178.815,2,Market,Filled,357.63, 
2024-03-11T18:00:00Z,TSLA,179.27,-1,Market,Filled,-179.27, 
2024-03-11T19:00:00Z,TSLA,178.67,1,Market,Filled,178.67, 
2024-03-12T14:00:00Z,TSLA,173.25,3,Market,Filled,519.75, 
2024-03-12T15:00:00Z,TSLA,177.03,-2,Market,Filled,-354.06, 
2024-03-12T16:00:00Z,TSLA,178.2,-1,Market,Filled,-178.2, 
2024-03-12T17:00:00Z,TSLA,177.28,1,Market,Filled,177.28, 
2024-03-12T18:00:00Z,TSLA,178.46,-1,Market,Filled,-178.46, 
2024-03-12T19:00:00Z,TSLA,178.99,-1,Market,Filled,-178.99, 
2024-03-13T14:00:00Z,TSLA,173.55,4,Market,Filled,694.2, 
2024-03-13T15:00:00Z,TSLA,170.8,2,Market,Filled,341.6, 
2024-03-13T16:00:00Z,TSLA,172.17,-1,Market,Filled,-172.17, 
2024-03-13T17:00:00Z,TSLA,170.95,1,Market,Filled,170.95, 
2024-03-14T14:00:00Z,TSLA,165.34,4,Market,Filled,661.36, 
2024-03-14T16:00:00Z,TSLA,162.81,2,Market,Filled,325.62, 
2024-03-14T18:00:00Z,TSLA,163.14,-1,Market,Filled,-163.14, 
2024-03-14T19:00:00Z,TSLA,160.96,2,Market,Filled,321.92, 
2024-03-15T15:00:00Z,TSLA,162.73,-1,Market,Filled,-162.73, 
2024-03-15T17:00:00Z,TSLA,160.86,1,Market,Filled,160.86, 
2024-03-15T18:00:00Z,TSLA,162.88,-1,Market,Filled,-162.88, 
2024-03-15T19:00:00Z,TSLA,163.52,-1,Market,Filled,-163.52, 
2024-03-18T14:00:00Z,TSLA,167.38,-3,Market,Filled,-502.14, 
2024-03-18T15:00:00Z,TSLA,172.99,-3,Market,Filled,-518.97, 
2024-03-18T16:00:00Z,TSLA,173.66,-1,Market,Filled,-173.66, 
2024-03-18T17:00:00Z,TSLA,172.99,1,Market,Filled,172.99, 
2024-03-18T18:00:00Z,TSLA,173.27,-1,Market,Filled,-173.27, 
2024-03-19T14:00:00Z,TSLA,168.91,3,Market,Filled,506.73, 
2024-03-19T15:00:00Z,TSLA,170.48,-1,Market,Filled,-170.48, 
2024-03-19T17:00:00Z,TSLA,171.82,-1,Market,Filled,-171.82, 
2024-03-19T18:00:00Z,TSLA,171.46,1,Market,Filled,171.46, 
2024-03-19T19:00:00Z,TSLA,171.66,-1,Market,Filled,-171.66, 
2024-03-20T18:00:00Z,TSLA,173.11,-1,Market,Filled,-173.11, 
2024-03-20T19:00:00Z,TSLA,174.93,-1,Market,Filled,-174.93, 
2024-03-21T14:00:00Z,TSLA,174.41,1,Market,Filled,174.41, 
2024-03-21T15:00:00Z,TSLA,175.3,-1,Market,Filled,-175.3, 
2024-03-21T16:00:00Z,TSLA,174.24,1,Market,Filled,174.24, 
2024-03-21T18:00:00Z,TSLA,172.4,1,Market,Filled,172.4, 
2024-03-22T14:00:00Z,TSLA,168.16,3,Market,Filled,504.48, 
2024-03-22T15:00:00Z,TSLA,169.68,-1,Market,Filled,-169.68, 
2024-03-22T18:00:00Z,TSLA,170.2,-1,Market,Filled,-170.2, 
2024-03-25T14:00:00Z,TSLA,172.6,-1,Market,Filled,-172.6, 
2024-03-25T15:00:00Z,TSLA,169.97,2,Market,Filled,339.94, 
2024-03-25T16:00:00Z,TSLA,171.88,-2,Market,Filled,-343.76, 
2024-03-26T14:00:00Z,TSLA,181.97,-6,Market,Filled,-1091.82, 
2024-03-26T15:00:00Z,TSLA,183.31,-1,Market,Filled,-183.31, 
2024-03-26T16:00:00Z,TSLA,180.86,2,Market,Filled,361.72, 
2024-03-26T18:00:00Z,TSLA,179.075,1,Market,Filled,179.075, 
2024-03-26T19:00:00Z,TSLA,179.56,-1,Market,Filled,-179.56, 
2024-03-27T14:00:00Z,TSLA,176.22,2,Market,Filled,352.44, 
2024-03-27T15:00:00Z,TSLA,178.52,-1,Market,Filled,-178.52, 
2024-03-27T16:00:00Z,TSLA,179.48,-1,Market,Filled,-179.48, 
2024-03-28T14:00:00Z,TSLA,176.74,2,Market,Filled,353.48, 
2024-04-01T14:00:00Z,TSLA,175.565,1,Market,Filled,175.565, 
2024-04-01T15:00:00Z,TSLA,171.13,3,Market,Filled,513.39, 
2024-04-01T17:00:00Z,TSLA,173.01,-1,Market,Filled,-173.01, 
2024-04-02T14:00:00Z,TSLA,165.92,5,Market,Filled,829.6, 
2024-04-02T15:00:00Z,TSLA,164.485,1,Market,Filled,164.485, 
2024-04-02T16:00:00Z,TSLA,165.89,-1,Market,Filled,-165.89, 
2024-04-02T17:00:00Z,TSLA,167.49,-2,Market,Filled,-334.98, 
2024-04-02T18:00:00Z,TSLA,166.34,1,Market,Filled,166.34, 
2024-04-02T19:00:00Z,TSLA,165.4,1,Market,Filled,165.4, 
2024-04-03T15:00:00Z,TSLA,167.37,-1,Market,Filled,-167.37, 
2024-04-03T16:00:00Z,TSLA,167.47,-1,Market,Filled,-167.47, 
2024-04-04T14:00:00Z,TSLA,169.09,-1,Market,Filled,-169.09, 
2024-04-04T15:00:00Z,TSLA,170.93,-1,Market,Filled,-170.93, 
2024-04-04T16:00:00Z,TSLA,175.265,-3,Market,Filled,-525.795, 
2024-04-04T17:00:00Z,TSLA,176.85,-1,Market,Filled,-176.85, 
2024-04-04T18:00:00Z,TSLA,175.19,1,Market,Filled,175.19, 
2024-04-04T19:00:00Z,TSLA,172.24,2,Market,Filled,344.48, 
2024-04-05T14:00:00Z,TSLA,169.52,2,Market,Filled,339.04, 
2024-04-05T16:00:00Z,TSLA,165.03,3,Market,Filled,495.09, 
2024-04-05T17:00:00Z,TSLA,168.94,-2,Market,Filled,-337.88, 
2024-04-05T18:00:00Z,TSLA,165.45,2,Market,Filled,330.9, 
2024-04-08T14:00:00Z,TSLA,172.07,-5,Market,Filled,-860.35, 
2024-04-08T18:00:00Z,TSLA,173.94,-1,Market,Filled,-173.94, 
2024-04-09T14:00:00Z,TSLA,175.97,-1,Market,Filled,-175.97, 
2024-04-09T17:00:00Z,TSLA,174.58,1,Market,Filled,174.58, 
2024-04-09T18:00:00Z,TSLA,175.64,-1,Market,Filled,-175.64, 
2024-04-10T14:00:00Z,TSLA,171.85,3,Market,Filled,515.55, 
2024-04-10T19:00:00Z,TSLA,170.28,1,Market,Filled,170.28, 
2024-04-11T16:00:00Z,TSLA,172.04,-2,Market,Filled,-344.08, 
2024-04-11T18:00:00Z,TSLA,174.53,-1,Market,Filled,-174.53, 
2024-04-12T14:00:00Z,TSLA,172.82,1,Market,Filled,172.82, 
2024-04-12T15:00:00Z,TSLA,171.58,1,Market,Filled,171.58, 
2024-04-12T16:00:00Z,TSLA,172.44,-1,Market,Filled,-172.44, 
2024-04-12T17:00:00Z,TSLA,171.21,1,Market,Filled,171.21, 
2024-04-15T14:00:00Z,TSLA,165.2,4,Market,Filled,660.8, 
2024-04-15T17:00:00Z,TSLA,164.21,1,Market,Filled,164.21, 
2024-04-15T18:00:00Z,TSLA,163.43,1,Market,Filled,163.43, 
2024-04-16T14:00:00Z,TSLA,154.97,6,Market,Filled,929.82, 
2024-04-16T15:00:00Z,TSLA,157.05,-2,Market,Filled,-314.1, 
2024-04-16T16:00:00Z,TSLA,156.73,1,Market,Filled,156.73, 
2024-04-16T17:00:00Z,TSLA,157.55,-1,Market,Filled,-157.55, 
2024-04-16T18:00:00Z,TSLA,156.02,1,Market,Filled,156.02, 
2024-04-17T14:00:00Z,TSLA,154.66,1,Market,Filled,154.66, 
2024-04-17T16:00:00Z,TSLA,156.23,-1,Market,Filled,-156.23, 
2024-04-17T18:00:00Z,TSLA,157.81,-1,Market,Filled,-157.81, 
2024-04-18T14:00:00Z,TSLA,150.04,6,Market,Filled,900.24, 
2024-04-18T15:00:00Z,TSLA,151.645,-1,Market,Filled,-151.645, 
2024-04-18T16:00:00Z,TSLA,150.05,1,Market,Filled,150.05, 
2024-04-19T14:00:00Z,TSLA,148.73,1,Market,Filled,148.73, 
2024-04-19T15:00:00Z,TSLA,150.06,-1,Market,Filled,-150.06, 
2024-04-19T16:00:00Z,TSLA,149.24,1,Market,Filled,149.24, 
2024-04-19T19:00:00Z,TSLA,147.25,1,Market,Filled,147.25, 
2024-04-22T14:00:00Z,TSLA,143.43,4,Market,Filled,573.72, 
2024-04-22T15:00:00Z,TSLA,140.33,2,Market,Filled,280.66, 
2024-04-22T16:00:00Z,TSLA,141.6,-1,Market,Filled,-141.6, 
2024-04-22T18:00:00Z,TSLA,142.86,-1,Market,Filled,-142.86, 
2024-04-22T19:00:00Z,TSLA,142.07,1,Market,Filled,142.07, 
2024-04-23T14:00:00Z,TSLA,145,-3,Market,Filled,-435, 
2024-04-23T15:00:00Z,TSLA,144.64,1,Market,Filled,144.64, 
2024-04-23T17:00:00Z,TSLA,145.74,-1,Market,Filled,-145.74, 
2024-04-24T14:00:00Z,TSLA,162.65,-13,Market,Filled,-2114.45, 
2024-04-24T16:00:00Z,TSLA,160.04,2,Market,Filled,320.08, 
2024-04-24T18:00:00Z,TSLA,161.99,-2,Market,Filled,-323.98, 
2024-04-24T19:00:00Z,TSLA,160.64,1,Market,Filled,160.64, 
2024-04-25T14:00:00Z,TSLA,162.49,-1,Market,Filled,-162.49, 
2024-04-25T15:00:00Z,TSLA,165.01,-2,Market,Filled,-330.02, 
2024-04-25T18:00:00Z,TSLA,166.12,-1,Market,Filled,-166.12, 
2024-04-25T19:00:00Z,TSLA,167.57,-1,Market,Filled,-167.57, 
2024-04-26T15:00:00Z,TSLA,169.88,-1,Market,Filled,-169.88, 
2024-04-26T16:00:00Z,TSLA,171.42,-1,Market,Filled,-171.42, 
2024-04-26T17:00:00Z,TSLA,171.72,-1,Market,Filled,-171.72, 
2024-04-26T18:00:00Z,TSLA,169.58,2,Market,Filled,339.16, 
2024-04-26T19:00:00Z,TSLA,167.21,1,Market,Filled,167.21, 
2024-04-29T14:00:00Z,TSLA,186.595,-12,Market,Filled,-2239.14, 
2024-04-29T15:00:00Z,TSLA,189.54,-2,Market,Filled,-379.08, 
2024-04-29T16:00:00Z,TSLA,196.16,-3,Market,Filled,-588.48, 
2024-04-29T17:00:00Z,TSLA,196.54,-1,Market,Filled,-196.54, 
2024-04-29T18:00:00Z,TSLA,194.04,2,Market,Filled,388.08, 
2024-04-30T14:00:00Z,TSLA,189.43,2,Market,Filled,378.86, 
2024-04-30T15:00:00Z,TSLA,185.58,3,Market,Filled,556.74, 
2024-04-30T16:00:00Z,TSLA,183.8,1,Market,Filled,183.8, 
2024-04-30T17:00:00Z,TSLA,185.24,-1,Market,Filled,-185.24, 
2024-04-30T19:00:00Z,TSLA,184.17,1,Market,Filled,184.17, 
2024-05-01T14:00:00Z,TSLA,182.79,1,Market,Filled,182.79, 
2024-05-01T15:00:00Z,TSLA,180.91,1,Market,Filled,180.91, 
2024-05-01T19:00:00Z,TSLA,185.1,-3,Market,Filled,-555.3, 
2024-05-02T14:00:00Z,TSLA,178.36,4,Market,Filled,713.44, 
2024-05-02T16:00:00Z,TSLA,180.14,-1,Market,Filled,-180.14, 
2024-05-02T19:00:00Z,TSLA,181.48,-1,Market,Filled,-181.48, 
2024-05-03T14:00:00Z,TSLA,184.07,-1,Market,Filled,-184.07, 
2024-05-03T15:00:00Z,TSLA,179.92,2,Market,Filled,359.84, 
2024-05-06T14:00:00Z,TSLA,187.22,-4,Market,Filled,-748.88, 
2024-05-06T15:00:00Z,TSLA,183.58,2,Market,Filled,367.16, 
2024-05-06T18:00:00Z,TSLA,184.97,-1,Market,Filled,-184.97, 
2024-05-06T19:00:00Z,TSLA,184.19,1,Market,Filled,184.19, 
2024-05-07T14:00:00Z,TSLA,179.1,3,Market,Filled,537.3, 
2024-05-07T15:00:00Z,TSLA,179.93,-1,Market,Filled,-179.93, 
2024-05-07T16:00:00Z,TSLA,179.59,1,Market,Filled,179.59, 
2024-05-07T19:00:00Z,TSLA,177.97,1,Market,Filled,177.97, 
2024-05-08T14:00:00Z,TSLA,173.13,3,Market,Filled,519.39, 
2024-05-08T15:00:00Z,TSLA,174.97,-1,Market,Filled,-174.97, 
2024-05-09T15:00:00Z,TSLA,172.58,1,Market,Filled,172.58, 
2024-05-09T19:00:00Z,TSLA,171.93,1,Market,Filled,171.93, 
2024-05-10T15:00:00Z,TSLA,168.19,2,Market,Filled,336.38, 
2024-05-13T14:00:00Z,TSLA,174.96,-4,Market,Filled,-699.84, 
2024-05-13T15:00:00Z,TSLA,172.93,1,Market,Filled,172.93, 
2024-05-13T17:00:00Z,TSLA,171.65,1,Market,Filled,171.65, 
2024-05-14T14:00:00Z,TSLA,176.21,-3,Market,Filled,-528.63, 
2024-05-14T15:00:00Z,TSLA,178.04,-1,Market,Filled,-178.04, 
2024-05-14T17:00:00Z,TSLA,176.6,1,Market,Filled,176.6, 
2024-05-14T19:00:00Z,TSLA,177.15,-1,Market,Filled,-177.15, 
2024-05-15T14:00:00Z,TSLA,174.1,2,Market,Filled,348.2, 
2024-05-16T14:00:00Z,TSLA,172.81,1,Market,Filled,172.81, 
2024-05-16T15:00:00Z,TSLA,174.94,-1,Market,Filled,-174.94, 
2024-05-17T14:00:00Z,TSLA,173.3,1,Market,Filled,173.3, 
2024-05-17T15:00:00Z,TSLA,177.47,-3,Market,Filled,-532.41, 
2024-05-17T16:00:00Z,TSLA,178.99,-1,Market,Filled,-178.99, 
2024-05-17T17:00:00Z,TSLA,178.19,1,Market,Filled,178.19, 
2024-05-17T18:00:00Z,TSLA,176.53,1,Market,Filled,176.53, 
2024-05-17T19:00:00Z,TSLA,177.1,-1,Market,Filled,-177.1, 
2024-05-20T14:00:00Z,TSLA,174.1,2,Market,Filled,348.2, 
2024-05-21T14:00:00Z,TSLA,178.16,-2,Market,Filled,-356.32, 
2024-05-21T15:00:00Z,TSLA,178.53,-1,Market,Filled,-178.53, 
2024-05-21T16:00:00Z,TSLA,180.08,-1,Market,Filled,-180.08, 
2024-05-21T18:00:00Z,TSLA,183.88,-2,Market,Filled,-367.76, 
2024-05-21T19:00:00Z,TSLA,185.88,-1,Market,Filled,-185.88, 
2024-05-22T14:00:00Z,TSLA,181.93,2,Market,Filled,363.86, 
2024-05-22T15:00:00Z,TSLA,181.29,1,Market,Filled,181.29, 
2024-05-22T17:00:00Z,TSLA,179.69,1,Market,Filled,179.69, 
2024-05-23T14:00:00Z,TSLA,176.92,2,Market,Filled,353.84, 
2024-05-23T18:00:00Z,TSLA,174.24,1,Market,Filled,174.24, 
2024-05-23T19:00:00Z,TSLA,173.4,1,Market,Filled,173.4, 
2024-05-24T14:00:00Z,TSLA,175.09,-1,Market,Filled,-175.09, 
2024-05-24T15:00:00Z,TSLA,177.93,-2,Market,Filled,-355.86, 
2024-05-24T17:00:00Z,TSLA,178.67,-1,Market,Filled,-178.67, 
2024-05-28T14:00:00Z,TSLA,174.66,3,Market,Filled,523.98, 
2024-05-28T15:00:00Z,TSLA,175.57,-1,Market,Filled,-175.57, 
2024-05-29T17:00:00Z,TSLA,177.37,-1,Market,Filled,-177.37, 
2024-05-30T14:00:00Z,TSLA,181.07,-2,Market,Filled,-362.14, 
2024-05-30T15:00:00Z,TSLA,178,2,Market,Filled,356, 
2024-05-30T16:00:00Z,TSLA,176.8,1,Market,Filled,176.8, 
2024-05-30T17:00:00Z,TSLA,177.37,-1,Market,Filled,-177.37, 
2024-05-30T18:00:00Z,TSLA,179.74,-1,Market,Filled,-179.74, 
2024-05-31T15:00:00Z,TSLA,176.28,2,Market,Filled,352.56, 
2024-05-31T16:00:00Z,TSLA,174.91,1,Market,Filled,174.91, 
2024-05-31T18:00:00Z,TSLA,176.04,-1,Market,Filled,-176.04, 
2024-06-03T14:00:00Z,TSLA,180.49,-3,Market,Filled,-541.47, 
2024-06-03T15:00:00Z,TSLA,179.95,1,Market,Filled,179.95, 
2024-06-03T16:00:00Z,TSLA,178.26,1,Market,Filled,178.26, 
2024-06-03T17:00:00Z,TSLA,175.91,1,Market,Filled,175.91, 
2024-06-04T16:00:00Z,TSLA,175.12,1,Market,Filled,175.12, 
2024-06-04T19:00:00Z,TSLA,177,-1,Market,Filled,-177, 
2024-06-05T14:00:00Z,TSLA,173.295,2,Market,Filled,346.59, 
2024-06-05T15:00:00Z,TSLA,174.05,-1,Market,Filled,-174.05, 
2024-06-05T16:00:00Z,TSLA,175.68,-1,Market,Filled,-175.68, 
2024-06-05T18:00:00Z,TSLA,175.02,1,Market,Filled,175.02, 
2024-06-06T14:00:00Z,TSLA,173.75,1,Market,Filled,173.75, 
2024-06-06T16:00:00Z,TSLA,175.41,-1,Market,Filled,-175.41, 
2024-06-06T17:00:00Z,TSLA,177.46,-2,Market,Filled,-354.92, 
2024-06-06T18:00:00Z,TSLA,179.42,-1,Market,Filled,-179.42, 
2024-06-06T19:00:00Z,TSLA,178.35,1,Market,Filled,178.35, 
2024-06-07T16:00:00Z,TSLA,178.64,-1,Market,Filled,-178.64, 
2024-06-07T17:00:00Z,TSLA,177.58,1,Market,Filled,177.58, 
2024-06-07T19:00:00Z,TSLA,176.73,1,Market,Filled,176.73, 
2024-06-10T17:00:00Z,TSLA,174.75,1,Market,Filled,174.75, 
2024-06-11T14:00:00Z,TSLA,167.94,5,Market,Filled,839.7, 
2024-06-11T15:00:00Z,TSLA,169.34,-1,Market,Filled,-169.34, 
2024-06-11T17:00:00Z,TSLA,167.75,1,Market,Filled,167.75, 
2024-06-11T18:00:00Z,TSLA,169.49,-1,Market,Filled,-169.49, 
2024-06-12T14:00:00Z,TSLA,173.94,-3,Market,Filled,-521.82, 
2024-06-12T15:00:00Z,TSLA,176.29,-2,Market,Filled,-352.58, 
2024-06-12T16:00:00Z,TSLA,179.54,-2,Market,Filled,-359.08, 
2024-06-13T14:00:00Z,TSLA,189.45,-6,Market,Filled,-1136.7, 
2024-06-13T15:00:00Z,TSLA,182.53,4,Market,Filled,730.12, 
2024-06-13T16:00:00Z,TSLA,184.77,-1,Market,Filled,-184.77, 
2024-06-13T17:00:00Z,TSLA,183.62,1,Market,Filled,183.62, 
2024-06-13T18:00:00Z,TSLA,184.275,-1,Market,Filled,-184.275, 
2024-06-14T14:00:00Z,TSLA,182.73,1,Market,Filled,182.73, 
2024-06-14T15:00:00Z,TSLA,178.89,3,Market,Filled,536.67, 
2024-06-14T17:00:00Z,TSLA,179.58,-1,Market,Filled,-179.58, 
2024-06-14T18:00:00Z,TSLA,178.3,1,Market,Filled,178.3, 
2024-06-17T14:00:00Z,TSLA,180.93,-2,Market,Filled,-361.86, 
2024-06-17T15:00:00Z,TSLA,185.85,-3,Market,Filled,-557.55, 
2024-06-17T17:00:00Z,TSLA,184.96,1,Market,Filled,184.96, 
2024-06-17T18:00:00Z,TSLA,188.63,-2,Market,Filled,-377.26, 
2024-06-18T14:00:00Z,TSLA,184.56,2,Market,Filled,369.12, 
2024-06-18T15:00:00Z,TSLA,183.07,1,Market,Filled,183.07, 
2024-06-18T16:00:00Z,TSLA,183.78,-1,Market,Filled,-183.78, 
2024-06-20T14:00:00Z,TSLA,182.04,2,Market,Filled,364.08, 
2024-06-20T15:00:00Z,TSLA,183.95,-2,Market,Filled,-367.9, 
2024-06-20T16:00:00Z,TSLA,182.54,1,Market,Filled,182.54, 
2024-06-20T17:00:00Z,TSLA,181.495,1,Market,Filled,181.495, 
2024-06-21T15:00:00Z,TSLA,182.99,-1,Market,Filled,-182.99, 
2024-06-21T18:00:00Z,TSLA,181.28,1,Market,Filled,181.28, 
2024-06-24T14:00:00Z,TSLA,187.73,-4,Market,Filled,-750.92, 
2024-06-24T15:00:00Z,TSLA,183.88,2,Market,Filled,367.76, 
2024-06-24T18:00:00Z,TSLA,183.71,1,Market,Filled,183.71, 
2024-06-24T19:00:00Z,TSLA,183.94,-1,Market,Filled,-183.94, 
2024-06-25T15:00:00Z,TSLA,185.6,-1,Market,Filled,-185.6, 
2024-06-25T16:00:00Z,TSLA,187.24,-1,Market,Filled,-187.24, 
2024-06-25T17:00:00Z,TSLA,185.71,1,Market,Filled,185.71, 
2024-06-26T14:00:00Z,TSLA,191.94,-3,Market,Filled,-575.82, 
2024-06-26T15:00:00Z,TSLA,192.86,-1,Market,Filled,-192.86, 
2024-06-26T16:00:00Z,TSLA,195.44,-1,Market,Filled,-195.44, 
2024-06-26T18:00:00Z,TSLA,195.81,-1,Market,Filled,-195.81, 
2024-06-27T15:00:00Z,TSLA,195.13,1,Market,Filled,195.13, 
2024-06-27T17:00:00Z,TSLA,196.31,-1,Market,Filled,-196.31, 
2024-06-28T14:00:00Z,TSLA,202.02,-3,Market,Filled,-606.06, 
2024-06-28T16:00:00Z,TSLA,199.69,1,Market,Filled,199.69, 
2024-06-28T17:00:00Z,TSLA,196.26,2,Market,Filled,392.52, 
2024-07-01T14:00:00Z,TSLA,206.25,-5,Market,Filled,-1031.25, 
2024-07-01T15:00:00Z,TSLA,208.03,-1,Market,Filled,-208.03, 
2024-07-01T16:00:00Z,TSLA,210.86,-2,Market,Filled,-421.72, 
2024-07-01T17:00:00Z,TSLA,209.67,1,Market,Filled,209.67, 
2024-07-01T18:00:00Z,TSLA,210.8,-1,Market,Filled,-210.8, 
2024-07-02T14:00:00Z,TSLA,224.15,-6,Market,Filled,-1344.9, 
2024-07-02T15:00:00Z,TSLA,227.35,-1,Market,Filled,-227.35, 
2024-07-02T16:00:00Z,TSLA,227.81,-1,Market,Filled,-227.81, 
2024-07-02T18:00:00Z,TSLA,227.38,1,Market,Filled,227.38, 
2024-07-02T19:00:00Z,TSLA,228.56,-1,Market,Filled,-228.56, 
2024-07-03T14:00:00Z,TSLA,238.83,-4,Market,Filled,-955.32, 
2024-07-03T15:00:00Z,TSLA,242.8,-2,Market,Filled,-485.6, 
2024-07-03T16:00:00Z,TSLA,244.89,-1,Market,Filled,-244.89, 
2024-07-05T14:00:00Z,TSLA,248.61,-1,Market,Filled,-248.61, 
2024-07-05T17:00:00Z,TSLA,246.14,1,Market,Filled,246.14, 
2024-07-05T18:00:00Z,TSLA,248.72,-2,Market,Filled,-497.44, 
2024-07-08T15:00:00Z,TSLA,253.2,-1,Market,Filled,-253.2, 
2024-07-08T16:00:00Z,TSLA,259.21,-3,Market,Filled,-777.63, 
2024-07-08T17:00:00Z,TSLA,253.25,3,Market,Filled,759.75, 
2024-07-09T14:00:00Z,TSLA,256.16,-1,Market,Filled,-256.16, 
2024-07-09T15:00:00Z,TSLA,256.87,-1,Market,Filled,-256.87, 
2024-07-09T16:00:00Z,TSLA,261.27,-1,Market,Filled,-261.27, 
2024-07-09T17:00:00Z,TSLA,263.2,-1,Market,Filled,-263.2, 
2024-07-10T15:00:00Z,TSLA,261.205,1,Market,Filled,261.205, 
2024-07-10T16:00:00Z,TSLA,263.47,-1,Market,Filled,-263.47, 
2024-07-10T17:00:00Z,TSLA,265.37,-1,Market,Filled,-265.37, 
2024-07-11T14:00:00Z,TSLA,269.77,-1,Market,Filled,-269.77, 
2024-07-11T15:00:00Z,TSLA,263.45,2,Market,Filled,526.9, 
2024-07-11T16:00:00Z,TSLA,246.61,7,Market,Filled,1726.27, 
2024-07-11T18:00:00Z,TSLA,242.78,1,Market,Filled,242.78, 
2024-07-11T19:00:00Z,TSLA,244.95,-1,Market,Filled,-244.95, 
2024-07-12T15:00:00Z,TSLA,249.05,-1,Market,Filled,-249.05, 
2024-07-12T16:00:00Z,TSLA,249.15,-1,Market,Filled,-249.15, 
2024-07-15T14:00:00Z,TSLA,260.94,-4,Market,Filled,-1043.76, 
2024-07-15T15:00:00Z,TSLA,262.64,-1,Market,Filled,-262.64, 
2024-07-15T16:00:00Z,TSLA,259.73,1,Market,Filled,259.73, 
2024-07-15T18:00:00Z,TSLA,259.12,1,Market,Filled,259.12, 
2024-07-16T14:00:00Z,TSLA,249.505,3,Market,Filled,748.515, 
2024-07-16T15:00:00Z,TSLA,252.25,-1,Market,Filled,-252.25, 
2024-07-16T18:00:00Z,TSLA,255.64,-1,Market,Filled,-255.64, 
2024-07-16T19:00:00Z,TSLA,257.17,-1,Market,Filled,-257.17, 
2024-07-17T15:00:00Z,TSLA,252.5,2,Market,Filled,505, 
2024-07-17T16:00:00Z,TSLA,248.27,2,Market,Filled,496.54, 
2024-07-17T17:00:00Z,TSLA,249.81,-1,Market,Filled,-249.81, 
2024-07-17T18:00:00Z,TSLA,248.54,1,Market,Filled,248.54, 
2024-07-18T14:00:00Z,TSLA,251.86,-2,Market,Filled,-503.72, 
2024-07-18T17:00:00Z,TSLA,256.57,-1,Market,Filled,-256.57, 
2024-07-18T18:00:00Z,TSLA,254.35,1,Market,Filled,254.35, 
2024-07-18T19:00:00Z,TSLA,249.99,1,Market,Filled,249.99, 
2024-07-19T14:00:00Z,TSLA,245.74,2,Market,Filled,491.48, 
2024-07-19T15:00:00Z,TSLA,243.41,1,Market,Filled,243.41, 
2024-07-19T16:00:00Z,TSLA,240.96,1,Market,Filled,240.96, 
2024-07-19T17:00:00Z,TSLA,238.49,1,Market,Filled,238.49, 
2024-07-19T18:00:00Z,TSLA,240.26,-1,Market,Filled,-240.26, 
2024-07-19T19:00:00Z,TSLA,239.34,1,Market,Filled,239.34, 
2024-07-22T14:00:00Z,TSLA,249.99,-5,Market,Filled,-1249.95, 
2024-07-22T15:00:00Z,TSLA,248.66,1,Market,Filled,248.66, 
2024-07-22T17:00:00Z,TSLA,250.22,-1,Market,Filled,-250.22, 
2024-07-23T15:00:00Z,TSLA,247.27,1,Market,Filled,247.27, 
2024-07-23T17:00:00Z,TSLA,246.67,1,Market,Filled,246.67, 
2024-07-23T18:00:00Z,TSLA,247.68,-1,Market,Filled,-247.68, 
2024-07-24T14:00:00Z,TSLA,215.89,15,Market,Filled,3238.35, 
2024-07-24T15:00:00Z,TSLA,217.47,-1,Market,Filled,-217.47, 
2024-07-24T16:00:00Z,TSLA,220.55,-1,Market,Filled,-220.55, 
2024-07-25T15:00:00Z,TSLA,223.925,-2,Market,Filled,-447.85, 
2024-07-25T16:00:00Z,TSLA,222.99,1,Market,Filled,222.99, 
2024-07-25T17:00:00Z,TSLA,225,-1,Market,Filled,-225, 
2024-07-25T19:00:00Z,TSLA,223.07,1,Market,Filled,223.07, 
2024-07-26T14:00:00Z,TSLA,220.16,1,Market,Filled,220.16, 
2024-07-26T15:00:00Z,TSLA,216.84,2,Market,Filled,433.68, 
2024-07-26T16:00:00Z,TSLA,218.88,-1,Market,Filled,-218.88, 
2024-07-26T17:00:00Z,TSLA,220.94,-1,Market,Filled,-220.94, 
2024-07-29T14:00:00Z,TSLA,230.86,-5,Market,Filled,-1154.3, 
2024-07-29T17:00:00Z,TSLA,232.89,-1,Market,Filled,-232.89, 
2024-07-29T19:00:00Z,TSLA,231.7,1,Market,Filled,231.7, 
2024-07-30T14:00:00Z,TSLA,228.44,1,Market,Filled,228.44, 
2024-07-30T16:00:00Z,TSLA,223.13,3,Market,Filled,669.39, 
2024-07-30T17:00:00Z,TSLA,220.21,1,Market,Filled,220.21, 
2024-07-30T18:00:00Z,TSLA,223.4,-1,Market,Filled,-223.4, 
2024-07-31T14:00:00Z,TSLA,233.46,-5,Market,Filled,-1167.3, 
2024-07-31T15:00:00Z,TSLA,230.84,1,Market,Filled,230.84, 
2024-07-31T19:00:00Z,TSLA,232.98,-1,Market,Filled,-232.98, 
2024-08-01T14:00:00Z,TSLA,229.01,2,Market,Filled,458.02, 
2024-08-01T15:00:00Z,TSLA,225.03,2,Market,Filled,450.06, 
2024-08-01T16:00:00Z,TSLA,222.64,1,Market,Filled,222.64, 
2024-08-01T18:00:00Z,TSLA,220.26,1,Market,Filled,220.26, 
2024-08-01T19:00:00Z,TSLA,215.16,3,Market,Filled,645.48, 
2024-08-02T15:00:00Z,TSLA,209.31,3,Market,Filled,627.93, 
2024-08-02T16:00:00Z,TSLA,210.12,-1,Market,Filled,-210.12, 
2024-08-02T17:00:00Z,TSLA,208.46,1,Market,Filled,208.46, 
2024-08-02T18:00:00Z,TSLA,206.82,1,Market,Filled,206.82, 
2024-08-05T14:00:00Z,TSLA,197.74,5,Market,Filled,988.7, 
2024-08-05T16:00:00Z,TSLA,200.25,-2,Market,Filled,-400.5, 
2024-08-05T17:00:00Z,TSLA,198.87,1,Market,Filled,198.87, 
2024-08-05T18:00:00Z,TSLA,200.22,-1,Market,Filled,-200.22, 
2024-08-05T19:00:00Z,TSLA,196.43,3,Market,Filled,589.29, 
2024-08-06T14:00:00Z,TSLA,197.42,-1,Market,Filled,-197.42, 
2024-08-06T15:00:00Z,TSLA,196.39,1,Market,Filled,196.39, 
2024-08-06T16:00:00Z,TSLA,199.42,-2,Market,Filled,-398.84, 
2024-08-06T17:00:00Z,TSLA,201.46,-1,Market,Filled,-201.46, 
2024-08-07T14:00:00Z,TSLA,199.22,1,Market,Filled,199.22, 
2024-08-07T16:00:00Z,TSLA,197.69,1,Market,Filled,197.69, 
2024-08-07T18:00:00Z,TSLA,194.3,2,Market,Filled,388.6, 
2024-08-07T19:00:00Z,TSLA,192.34,1,Market,Filled,192.34, 
2024-08-08T14:00:00Z,TSLA,194.25,-1,Market,Filled,-194.25, 
2024-08-08T15:00:00Z,TSLA,199.4,-3,Market,Filled,-598.2, 
2024-08-08T16:00:00Z,TSLA,197.8,1,Market,Filled,197.8, 
2024-08-08T18:00:00Z,TSLA,199.45,-1,Market,Filled,-199.45, 
2024-08-09T14:00:00Z,TSLA,197.23,1,Market,Filled,197.23, 
2024-08-09T18:00:00Z,TSLA,199.57,-1,Market,Filled,-199.57, 
2024-08-12T14:00:00Z,TSLA,195,2,Market,Filled,390, 
2024-08-12T15:00:00Z,TSLA,197.18,-1,Market,Filled,-197.18, 
2024-08-12T17:00:00Z,TSLA,196.43,1,Market,Filled,196.43, 
2024-08-12T18:00:00Z,TSLA,198.09,-1,Market,Filled,-198.09, 
2024-08-13T14:00:00Z,TSLA,203.41,-3,Market,Filled,-610.23, 
2024-08-13T15:00:00Z,TSLA,205.6,-1,Market,Filled,-205.6, 
2024-08-13T17:00:00Z,TSLA,206.41,-1,Market,Filled,-206.41, 
2024-08-14T14:00:00Z,TSLA,202.79,2,Market,Filled,405.58, 
2024-08-14T17:00:00Z,TSLA,199.85,2,Market,Filled,399.7, 
2024-08-14T19:00:00Z,TSLA,200.72,-1,Market,Filled,-200.72, 
2024-08-15T14:00:00Z,TSLA,211.05,-5,Market,Filled,-1055.25, 
2024-08-15T15:00:00Z,TSLA,214.82,-2,Market,Filled,-429.64, 
2024-08-15T17:00:00Z,TSLA,213.57,1,Market,Filled,213.57, 
2024-08-15T18:00:00Z,TSLA,215.09,-1,Market,Filled,-215.09, 
2024-08-16T14:00:00Z,TSLA,217.85,-2,Market,Filled,-435.7, 
2024-08-16T15:00:00Z,TSLA,215.33,2,Market,Filled,430.66, 
2024-08-16T17:00:00Z,TSLA,217.14,-1,Market,Filled,-217.14, 
2024-08-19T15:00:00Z,TSLA,220.07,-2,Market,Filled,-440.14, 
2024-08-19T19:00:00Z,TSLA,222.3,-1,Market,Filled,-222.3, 
2024-08-20T14:00:00Z,TSLA,225.4,-1,Market,Filled,-225.4, 
2024-08-20T15:00:00Z,TSLA,220.8,2,Market,Filled,441.6, 
2024-08-20T16:00:00Z,TSLA,223.19,-1,Market,Filled,-223.19, 
2024-08-20T17:00:00Z,TSLA,220.96,1,Market,Filled,220.96, 
2024-08-21T14:00:00Z,TSLA,222.6,-1,Market,Filled,-222.6, 
2024-08-21T15:00:00Z,TSLA,220.98,1,Market,Filled,220.98, 
2024-08-21T18:00:00Z,TSLA,222.53,-1,Market,Filled,-222.53, 
2024-08-22T15:00:00Z,TSLA,217.96,2,Market,Filled,435.92, 
2024-08-22T16:00:00Z,TSLA,215.98,1,Market,Filled,215.98, 
2024-08-22T18:00:00Z,TSLA,213.66,2,Market,Filled,427.32, 
2024-08-23T14:00:00Z,TSLA,216.59,-2,Market,Filled,-433.18, 
2024-08-23T18:00:00Z,TSLA,219.49,-1,Market,Filled,-219.49, 
2024-08-26T14:00:00Z,TSLA,217.31,1,Market,Filled,217.31, 
2024-08-26T15:00:00Z,TSLA,212.92,2,Market,Filled,425.84, 
2024-08-26T18:00:00Z,TSLA,211.46,1,Market,Filled,211.46, 
2024-08-26T19:00:00Z,TSLA,213.25,-1,Market,Filled,-213.25, 
2024-08-27T14:00:00Z,TSLA,209.41,2,Market,Filled,418.82, 
2024-08-27T15:00:00Z,TSLA,210.13,-1,Market,Filled,-210.13, 
2024-08-27T16:00:00Z,TSLA,209.41,1,Market,Filled,209.41, 
2024-08-27T18:00:00Z,TSLA,210.13,-1,Market,Filled,-210.13, 
2024-08-28T14:00:00Z,TSLA,208.59,1,Market,Filled,208.59, 
2024-08-28T15:00:00Z,TSLA,206.28,1,Market,Filled,206.28, 
2024-08-28T16:00:00Z,TSLA,205.83,1,Market,Filled,205.83, 
2024-08-28T17:00:00Z,TSLA,206.68,-1,Market,Filled,-206.68, 
2024-08-28T18:00:00Z,TSLA,203.09,2,Market,Filled,406.18, 
2024-08-28T19:00:00Z,TSLA,204.59,-1,Market,Filled,-204.59, 
2024-08-29T14:00:00Z,TSLA,213.36,-4,Market,Filled,-853.44, 
2024-08-29T15:00:00Z,TSLA,210.9,1,Market,Filled,210.9, 
2024-08-29T17:00:00Z,TSLA,212.16,-1,Market,Filled,-212.16, 
2024-08-29T19:00:00Z,TSLA,207.06,3,Market,Filled,621.18, 
2024-08-30T14:00:00Z,TSLA,209.82,-1,Market,Filled,-209.82, 
2024-08-30T16:00:00Z,TSLA,210.24,-1,Market,Filled,-210.24, 
2024-08-30T17:00:00Z,TSLA,209.71,1,Market,Filled,209.71, 
2024-08-30T18:00:00Z,TSLA,211.12,-1,Market,Filled,-211.12, 
2024-09-03T14:00:00Z,TSLA,213.76,-1,Market,Filled,-213.76, 
2024-09-03T16:00:00Z,TSLA,214.96,-1,Market,Filled,-214.96, 
2024-09-03T18:00:00Z,TSLA,213.855,1,Market,Filled,213.855, 
2024-09-03T19:00:00Z,TSLA,210.57,1,Market,Filled,210.57, 
2024-09-04T14:00:00Z,TSLA,217.95,-3,Market,Filled,-653.85, 
2024-09-04T15:00:00Z,TSLA,220.15,-1,Market,Filled,-220.15, 
2024-09-04T17:00:00Z,TSLA,221.89,-1,Market,Filled,-221.89, 
2024-09-04T19:00:00Z,TSLA,218.38,1,Market,Filled,218.38, 
2024-09-05T14:00:00Z,TSLA,229.71,-5,Market,Filled,-1148.55, 
2024-09-05T15:00:00Z,TSLA,231.14,-1,Market,Filled,-231.14, 
2024-09-05T16:00:00Z,TSLA,225.79,3,Market,Filled,677.37, 
2024-09-05T17:00:00Z,TSLA,228.78,-1,Market,Filled,-228.78, 
2024-09-05T18:00:00Z,TSLA,230.99,-1,Market,Filled,-230.99, 
2024-09-06T14:00:00Z,TSLA,224.4,3,Market,Filled,673.2, 
2024-09-06T15:00:00Z,TSLA,218.36,3,Market,Filled,655.08, 
2024-09-06T17:00:00Z,TSLA,214.97,1,Market,Filled,214.97, 
2024-09-06T18:00:00Z,TSLA,214.18,1,Market,Filled,214.18, 
2024-09-09T14:00:00Z,TSLA,218.4,-2,Market,Filled,-436.8, 
2024-09-09T15:00:00Z,TSLA,215.03,1,Market,Filled,215.03, 
2024-09-09T16:00:00Z,TSLA,216.55,-1,Market,Filled,-216.55, 
2024-09-09T19:00:00Z,TSLA,216.32,1,Market,Filled,216.32, 
2024-09-10T14:00:00Z,TSLA,225.18,-5,Market,Filled,-1125.9, 
2024-09-10T15:00:00Z,TSLA,223.24,1,Market,Filled,223.24, 
2024-09-10T16:00:00Z,TSLA,220.88,1,Market,Filled,220.88, 
2024-09-10T17:00:00Z,TSLA,219.3,1,Market,Filled,219.3, 
2024-09-10T18:00:00Z,TSLA,222.07,-1,Market,Filled,-222.07, 
2024-09-10T19:00:00Z,TSLA,223.53,-1,Market,Filled,-223.53, 
2024-09-11T14:00:00Z,TSLA,221.9,1,Market,Filled,221.9, 
2024-09-11T15:00:00Z,TSLA,217.86,2,Market,Filled,435.72, 
2024-09-11T16:00:00Z,TSLA,221.84,-2,Market,Filled,-443.68, 
2024-09-11T18:00:00Z,TSLA,223.64,-1,Market,Filled,-223.64, 
2024-09-11T19:00:00Z,TSLA,224.87,-1,Market,Filled,-224.87, 
2024-09-12T14:00:00Z,TSLA,229.94,-2,Market,Filled,-459.88, 
2024-09-12T15:00:00Z,TSLA,227.3,1,Market,Filled,227.3, 
2024-09-12T17:00:00Z,TSLA,229.53,-1,Market,Filled,-229.53, 
2024-09-13T17:00:00Z,TSLA,228.66,1,Market,Filled,228.66, 
2024-09-13T18:00:00Z,TSLA,229.66,-1,Market,Filled,-229.66, 
2024-09-16T14:00:00Z,TSLA,226.39,2,Market,Filled,452.78, 
2024-09-16T16:00:00Z,TSLA,228.93,-1,Market,Filled,-228.93, 
2024-09-16T17:00:00Z,TSLA,226.5,1,Market,Filled,226.5, 
2024-09-16T19:00:00Z,TSLA,227.9,-1,Market,Filled,-227.9, 
2024-09-17T14:00:00Z,TSLA,232.43,-2,Market,Filled,-464.86, 
2024-09-17T17:00:00Z,TSLA,228.82,2,Market,Filled,457.64, 
2024-09-18T17:00:00Z,TSLA,230.01,-1,Market,Filled,-230.01, 
2024-09-18T19:00:00Z,TSLA,231.5,-1,Market,Filled,-231.5, 
2024-09-19T14:00:00Z,TSLA,236.99,-2,Market,Filled,-473.98, 
2024-09-19T15:00:00Z,TSLA,239.17,-1,Market,Filled,-239.17, 
2024-09-19T16:00:00Z,TSLA,242.135,-1,Market,Filled,-242.135, 
2024-09-19T18:00:00Z,TSLA,243.66,-1,Market,Filled,-243.66, 
2024-09-19T19:00:00Z,TSLA,242.87,1,Market,Filled,242.87, 
2024-09-20T14:00:00Z,TSLA,239.39,1,Market,Filled,239.39, 
2024-09-20T15:00:00Z,TSLA,238.09,1,Market,Filled,238.09, 
2024-09-20T16:00:00Z,TSLA,239.68,-1,Market,Filled,-239.68, 
2024-09-23T14:00:00Z,TSLA,246.99,-3,Market,Filled,-740.97, 
2024-09-23T15:00:00Z,TSLA,248.45,-1,Market,Filled,-248.45, 
2024-09-24T14:00:00Z,TSLA,256.18,-3,Market,Filled,-768.54, 
2024-09-24T15:00:00Z,TSLA,253.18,1,Market,Filled,253.18, 
2024-09-24T16:00:00Z,TSLA,251.93,1,Market,Filled,251.93, 
2024-09-25T14:00:00Z,TSLA,255.475,-1,Market,Filled,-255.475, 
2024-09-25T16:00:00Z,TSLA,256.25,-1,Market,Filled,-256.25, 
2024-09-25T17:00:00Z,TSLA,255.11,1,Market,Filled,255.11, 
2024-09-25T18:00:00Z,TSLA,255.97,-1,Market,Filled,-255.97, 
2024-09-26T14:00:00Z,TSLA,260.12,-1,Market,Filled,-260.12, 
2024-09-26T15:00:00Z,TSLA,251.97,3,Market,Filled,755.91, 
2024-09-26T16:00:00Z,TSLA,255.53,-1,Market,Filled,-255.53, 
2024-09-27T14:00:00Z,TSLA,256.64,-1,Market,Filled,-256.64, 
2024-09-27T16:00:00Z,TSLA,258.65,-1,Market,Filled,-258.65, 
2024-09-30T14:00:00Z,TSLA,263.02,-1,Market,Filled,-263.02, 
2024-09-30T15:00:00Z,TSLA,257.5,2,Market,Filled,515, 
2024-09-30T16:00:00Z,TSLA,259.9,-1,Market,Filled,-259.9, 
2024-10-01T14:00:00Z,TSLA,256.25,1,Market,Filled,256.25, 
2024-10-01T15:00:00Z,TSLA,253.04,2,Market,Filled,506.08, 
2024-10-01T17:00:00Z,TSLA,254.9,-1,Market,Filled,-254.9, 
2024-10-01T18:00:00Z,TSLA,256.45,-1,Market,Filled,-256.45, 
2024-10-01T19:00:00Z,TSLA,258.5,-1,Market,Filled,-258.5, 
2024-10-02T14:00:00Z,TSLA,242.29,7,Market,Filled,1696.03, 
2024-10-02T15:00:00Z,TSLA,244.7,-1,Market,Filled,-244.7, 
2024-10-02T16:00:00Z,TSLA,249.7,-2,Market,Filled,-499.4, 
2024-10-02T17:00:00Z,TSLA,247.32,1,Market,Filled,247.32, 
2024-10-02T18:00:00Z,TSLA,248.51,-1,Market,Filled,-248.51, 
2024-10-03T14:00:00Z,TSLA,247,1,Market,Filled,247, 
2024-10-03T15:00:00Z,TSLA,243.64,1,Market,Filled,243.64, 
2024-10-03T17:00:00Z,TSLA,239.72,2,Market,Filled,479.44, 
2024-10-03T18:00:00Z,TSLA,238.82,1,Market,Filled,238.82, 
2024-10-03T19:00:00Z,TSLA,239.31,-1,Market,Filled,-239.31, 
2024-10-04T14:00:00Z,TSLA,247.21,-3,Market,Filled,-741.63, 
2024-10-04T15:00:00Z,TSLA,250.02,-1,Market,Filled,-250.02, 
2024-10-04T16:00:00Z,TSLA,247.18,1,Market,Filled,247.18, 
2024-10-04T18:00:00Z,TSLA,248.9,-1,Market,Filled,-248.9, 
2024-10-07T14:00:00Z,TSLA,245.95,2,Market,Filled,491.9, 
2024-10-07T19:00:00Z,TSLA,241.16,2,Market,Filled,482.32, 
2024-10-08T14:00:00Z,TSLA,242.57,-1,Market,Filled,-242.57, 
2024-10-08T16:00:00Z,TSLA,245.48,-1,Market,Filled,-245.48, 
2024-10-09T14:00:00Z,TSLA,241.91,1,Market,Filled,241.91, 
2024-10-09T15:00:00Z,TSLA,245.9,-1,Market,Filled,-245.9, 
2024-10-09T18:00:00Z,TSLA,243.54,1,Market,Filled,243.54, 
2024-10-10T14:00:00Z,TSLA,234.865,3,Market,Filled,704.595, 
2024-10-10T15:00:00Z,TSLA,238.22,-1,Market,Filled,-238.22, 
2024-10-10T16:00:00Z,TSLA,240.96,-1,Market,Filled,-240.96, 
2024-10-10T18:00:00Z,TSLA,241.46,-1,Market,Filled,-241.46, 
2024-10-11T14:00:00Z,TSLA,218.73,11,Market,Filled,2406.03, 
2024-10-11T15:00:00Z,TSLA,220.26,-1,Market,Filled,-220.26, 
2024-10-11T18:00:00Z,TSLA,219.28,1,Market,Filled,219.28, 
2024-10-14T14:00:00Z,TSLA,217.85,1,Market,Filled,217.85, 
2024-10-14T15:00:00Z,TSLA,219.791,-1,Market,Filled,-219.791, 
2024-10-15T14:00:00Z,TSLA,221.49,-1,Market,Filled,-221.49, 
2024-10-15T15:00:00Z,TSLA,219.1,1,Market,Filled,219.1, 
2024-10-15T17:00:00Z,TSLA,220.44,-1,Market,Filled,-220.44, 
2024-10-15T19:00:00Z,TSLA,219.73,1,Market,Filled,219.73, 
2024-10-16T15:00:00Z,TSLA,220.31,-1,Market,Filled,-220.31, 
2024-10-17T15:00:00Z,TSLA,219.82,1,Market,Filled,219.82, 
2024-10-17T18:00:00Z,TSLA,221.58,-1,Market,Filled,-221.58, 
2024-10-21T14:00:00Z,TSLA,218.965,1,Market,Filled,218.965, 
2024-10-21T18:00:00Z,TSLA,217.78,1,Market,Filled,217.78, 
2024-10-23T16:00:00Z,TSLA,215.75,1,Market,Filled,215.75, 
2024-10-23T18:00:00Z,TSLA,212.51,1,Market,Filled,212.51, 
2024-10-23T19:00:00Z,TSLA,213.89,-1,Market,Filled,-213.89, 
2024-10-24T14:00:00Z,TSLA,249.3,-15,Market,Filled,-3739.5, 
2024-10-24T16:00:00Z,TSLA,253.96,-2,Market,Filled,-507.92, 
2024-10-24T17:00:00Z,TSLA,256.06,-1,Market,Filled,-256.06, 
2024-10-24T19:00:00Z,TSLA,259.36,-1,Market,Filled,-259.36, 
2024-10-25T14:00:00Z,TSLA,269.11,-3,Market,Filled,-807.33, 
2024-10-25T15:00:00Z,TSLA,263.52,2,Market,Filled,527.04, 
2024-10-25T16:00:00Z,TSLA,266.04,-1,Market,Filled,-266.04, 
2024-10-25T17:00:00Z,TSLA,267.9,-1,Market,Filled,-267.9, 
2024-10-28T15:00:00Z,TSLA,271.47,-1,Market,Filled,-271.47, 
2024-10-28T17:00:00Z,TSLA,268.02,1,Market,Filled,268.02, 
2024-10-28T19:00:00Z,TSLA,265.74,1,Market,Filled,265.74, 
2024-10-29T14:00:00Z,TSLA,259.61,2,Market,Filled,519.22, 
2024-10-29T15:00:00Z,TSLA,258.54,1,Market,Filled,258.54, 
2024-10-29T18:00:00Z,TSLA,258.68,-1,Market,Filled,-258.68, 
2024-10-30T14:00:00Z,TSLA,257.65,1,Market,Filled,257.65, 
2024-10-30T15:00:00Z,TSLA,262.12,-2,Market,Filled,-524.24, 
2024-10-31T14:00:00Z,TSLA,253.16,4,Market,Filled,1012.64, 
2024-10-31T19:00:00Z,TSLA,250.47,1,Market,Filled,250.47, 
2024-11-01T15:00:00Z,TSLA,252.42,-1,Market,Filled,-252.42, 
2024-11-01T16:00:00Z,TSLA,250.28,1,Market,Filled,250.28, 
2024-11-01T17:00:00Z,TSLA,246.92,1,Market,Filled,246.92, 
2024-11-04T15:00:00Z,TSLA,243.63,2,Market,Filled,487.26, 
2024-11-04T16:00:00Z,TSLA,248.08,-2,Market,Filled,-496.16, 
2024-11-04T17:00:00Z,TSLA,245.1,1,Market,Filled,245.1, 
2024-11-05T15:00:00Z,TSLA,251.13,-2,Market,Filled,-502.26, 
2024-11-05T17:00:00Z,TSLA,253.05,-1,Market,Filled,-253.05, 
2024-11-05T18:00:00Z,TSLA,254.43,-1,Market,Filled,-254.43, 
2024-11-05T20:00:00Z,TSLA,251.82,1,Market,Filled,251.82, 
2024-11-06T15:00:00Z,TSLA,278.88,-10,Market,Filled,-2788.8, 
2024-11-06T16:00:00Z,TSLA,283.62,-1,Market,Filled,-283.62, 
2024-11-06T17:00:00Z,TSLA,286.11,-1,Market,Filled,-286.11, 
2024-11-06T20:00:00Z,TSLA,288.88,-1,Market,Filled,-288.88, 
2024-11-07T15:00:00Z,TSLA,291.35,-1,Market,Filled,-291.35, 
2024-11-07T16:00:00Z,TSLA,297.62,-2,Market,Filled,-595.24, 
2024-11-08T15:00:00Z,TSLA,308.49,-3,Market,Filled,-925.47, 
2024-11-08T16:00:00Z,TSLA,313.41,-2,Market,Filled,-626.82, 
2024-11-08T17:00:00Z,TSLA,317.93,-1,Market,Filled,-317.93, 
2024-11-08T19:00:00Z,TSLA,324.79,-2,Market,Filled,-649.58, 
2024-11-08T20:00:00Z,TSLA,322.95,1,Market,Filled,322.95, 
2024-11-11T15:00:00Z,TSLA,344.83,-6,Market,Filled,-2068.98, 
2024-11-11T16:00:00Z,TSLA,349.16,-1,Market,Filled,-349.16, 
2024-11-11T17:00:00Z,TSLA,345.86,1,Market,Filled,345.86, 
2024-11-11T18:00:00Z,TSLA,341.81,1,Market,Filled,341.81, 
2024-11-11T19:00:00Z,TSLA,347.55,-2,Market,Filled,-695.1, 
2024-11-11T20:00:00Z,TSLA,344.01,1,Market,Filled,344.01, 
2024-11-12T15:00:00Z,TSLA,340.14,1,Market,Filled,340.14, 
2024-11-12T17:00:00Z,TSLA,336.7,1,Market,Filled,336.7, 
2024-11-12T18:00:00Z,TSLA,328.24,2,Market,Filled,656.48, 
2024-11-12T19:00:00Z,TSLA,331.74,-1,Market,Filled,-331.74, 
2024-11-12T20:00:00Z,TSLA,331.72,1,Market,Filled,331.72, 
2024-11-13T15:00:00Z,TSLA,336.69,-2,Market,Filled,-673.38, 
2024-11-13T16:00:00Z,TSLA,324.88,3,Market,Filled,974.64, 
2024-11-13T17:00:00Z,TSLA,331.18,-1,Market,Filled,-331.18, 
2024-11-13T20:00:00Z,TSLA,326.07,1,Market,Filled,326.07, 
2024-11-14T15:00:00Z,TSLA,320.905,2,Market,Filled,641.81, 
2024-11-14T17:00:00Z,TSLA,322.94,-1,Market,Filled,-322.94, 
2024-11-14T18:00:00Z,TSLA,317.85,1,Market,Filled,317.85, 
2024-11-14T19:00:00Z,TSLA,312.19,2,Market,Filled,624.38, 
2024-11-15T15:00:00Z,TSLA,318.23,-2,Market,Filled,-636.46, 
2024-11-15T16:00:00Z,TSLA,316.06,1,Market,Filled,316.06, 
2024-11-15T17:00:00Z,TSLA,320.38,-1,Market,Filled,-320.38, 
2024-11-15T19:00:00Z,TSLA,317.67,1,Market,Filled,317.67, 
2024-11-15T20:00:00Z,TSLA,319.96,-1,Market,Filled,-319.96, 
2024-11-18T15:00:00Z,TSLA,343.1,-6,Market,Filled,-2058.6, 
2024-11-18T16:00:00Z,TSLA,345.27,-1,Market,Filled,-345.27, 
2024-11-18T17:00:00Z,TSLA,342.82,1,Market,Filled,342.82, 
2024-11-18T19:00:00Z,TSLA,337.2,1,Market,Filled,337.2, 
2024-11-18T20:00:00Z,TSLA,332.555,1,Market,Filled,332.555, 
2024-11-19T15:00:00Z,TSLA,337.61,-1,Market,Filled,-337.61, 
2024-11-19T16:00:00Z,TSLA,341.92,-1,Market,Filled,-341.92, 
2024-11-19T17:00:00Z,TSLA,345.51,-1,Market,Filled,-345.51, 
2024-11-19T20:00:00Z,TSLA,343.81,1,Market,Filled,343.81, 
2024-11-20T16:00:00Z,TSLA,339.31,1,Market,Filled,339.31, 
2024-11-21T15:00:00Z,TSLA,345.04,-2,Market,Filled,-690.08, 
2024-11-21T16:00:00Z,TSLA,341.32,1,Market,Filled,341.32, 
2024-11-22T16:00:00Z,TSLA,355.31,-3,Market,Filled,-1065.93, 
2024-11-25T16:00:00Z,TSLA,351.63,1,Market,Filled,351.63, 
2024-11-25T17:00:00Z,TSLA,353.03,-1,Market,Filled,-353.03, 
2024-11-25T18:00:00Z,TSLA,348.955,1,Market,Filled,348.955, 
2024-11-25T20:00:00Z,TSLA,347.16,1,Market,Filled,347.16, 
2024-11-26T15:00:00Z,TSLA,340.7,1,Market,Filled,340.7, 
2024-11-26T18:00:00Z,TSLA,344.85,-1,Market,Filled,-344.85, 
2024-11-26T19:00:00Z,TSLA,340.33,1,Market,Filled,340.33, 
2024-11-26T20:00:00Z,TSLA,339.08,1,Market,Filled,339.08, 
2024-11-27T16:00:00Z,TSLA,330.71,2,Market,Filled,661.42, 
2024-11-29T15:00:00Z,TSLA,338.92,-2,Market,Filled,-677.84, 
2024-11-29T17:00:00Z,TSLA,340.64,-1,Market,Filled,-340.64, 
2024-12-02T15:00:00Z,TSLA,354.82,-3,Market,Filled,-1064.46, 
2024-12-02T18:00:00Z,TSLA,358.35,-1,Market,Filled,-358.35, 
2024-12-03T15:00:00Z,TSLA,352.4,1,Market,Filled,352.4, 
2024-12-03T16:00:00Z,TSLA,349.73,1,Market,Filled,349.73, 
2024-12-04T16:00:00Z,TSLA,353.32,-1,Market,Filled,-353.32, 
2024-12-04T17:00:00Z,TSLA,352.05,1,Market,Filled,352.05, 
2024-12-04T19:00:00Z,TSLA,352.79,-1,Market,Filled,-352.79, 
2024-12-05T15:00:00Z,TSLA,372.54,-4,Market,Filled,-1490.16, 
2024-12-05T16:00:00Z,TSLA,368.395,1,Market,Filled,368.395, 
2024-12-05T17:00:00Z,TSLA,369.83,-1,Market,Filled,-369.83, 
2024-12-06T15:00:00Z,TSLA,373.87,-1,Market,Filled,-373.87, 
2024-12-06T20:00:00Z,TSLA,378.8,-1,Market,Filled,-378.8, 
2024-12-09T15:00:00Z,TSLA,398.41,-4,Market,Filled,-1593.64, 
2024-12-09T16:00:00Z,TSLA,383.695,3,Market,Filled,1151.085, 
2024-12-09T17:00:00Z,TSLA,382.66,1,Market,Filled,382.66, 
2024-12-09T19:00:00Z,TSLA,386.95,-1,Market,Filled,-386.95, 
2024-12-10T15:00:00Z,TSLA,400.43,-3,Market,Filled,-1201.29, 
2024-12-10T17:00:00Z,TSLA,405.97,-1,Market,Filled,-405.97, 
2024-12-10T18:00:00Z,TSLA,408.04,-1,Market,Filled,-408.04, 
2024-12-10T20:00:00Z,TSLA,403.75,1,Market,Filled,403.75, 
2024-12-11T16:00:00Z,TSLA,411.84,-2,Market,Filled,-823.68, 
2024-12-11T20:00:00Z,TSLA,419.94,-1,Market,Filled,-419.94, 
2024-12-12T16:00:00Z,TSLA,427.91,-2,Market,Filled,-855.82, 
2024-12-12T17:00:00Z,TSLA,422.43,1,Market,Filled,422.43, 
2024-12-12T19:00:00Z,TSLA,420.48,1,Market,Filled,420.48, 
2024-12-13T15:00:00Z,TSLA,424.37,-1,Market,Filled,-424.37, 
2024-12-13T18:00:00Z,TSLA,427.81,-1,Market,Filled,-427.81, 
2024-12-13T19:00:00Z,TSLA,433.73,-1,Market,Filled,-433.73, 
2024-12-13T20:00:00Z,TSLA,432.13,1,Market,Filled,432.13, 
2024-12-16T15:00:00Z,TSLA,437.97,-1,Market,Filled,-437.97, 
2024-12-16T16:00:00Z,TSLA,450.84,-3,Market,Filled,-1352.52, 
2024-12-16T17:00:00Z,TSLA,456.55,-1,Market,Filled,-456.55, 
2024-12-16T18:00:00Z,TSLA,461.07,-1,Market,Filled,-461.07, 
2024-12-16T19:00:00Z,TSLA,459.72,1,Market,Filled,459.72, 
2024-12-17T15:00:00Z,TSLA,482.06,-4,Market,Filled,-1928.24, 
2024-12-17T16:00:00Z,TSLA,478.21,1,Market,Filled,478.21, 
2024-12-17T17:00:00Z,TSLA,462.98,2,Market,Filled,925.96, 
2024-12-17T18:00:00Z,TSLA,473.65,-2,Market,Filled,-947.3, 
2024-12-17T19:00:00Z,TSLA,470.835,1,Market,Filled,470.835, 
2024-12-17T20:00:00Z,TSLA,478.27,-1,Market,Filled,-478.27, 
2024-12-18T15:00:00Z,TSLA,469.51,1,Market,Filled,469.51, 
2024-12-18T16:00:00Z,TSLA,475.8,-1,Market,Filled,-475.8, 
2024-12-18T17:00:00Z,TSLA,484.95,-1,Market,Filled,-484.95, 
2024-12-18T18:00:00Z,TSLA,477.395,1,Market,Filled,477.395, 
2024-12-18T20:00:00Z,TSLA,459.88,3,Market,Filled,1379.64, 
2024-12-19T15:00:00Z,TSLA,450.71,1,Market,Filled,450.71, 
2024-12-19T16:00:00Z,TSLA,441.28,2,Market,Filled,882.56, 
2024-12-19T17:00:00Z,TSLA,433.98,1,Market,Filled,433.98, 
2024-12-19T18:00:00Z,TSLA,432.58,1,Market,Filled,432.58, 
2024-12-19T19:00:00Z,TSLA,439.29,-2,Market,Filled,-878.58, 
2024-12-19T20:00:00Z,TSLA,433.03,2,Market,Filled,866.06, 
2024-12-20T15:00:00Z,TSLA,423.81,1,Market,Filled,423.81, 
2024-12-20T16:00:00Z,TSLA,439.69,-3,Market,Filled,-1319.07, 
2024-12-23T15:00:00Z,TSLA,427.83,3,Market,Filled,1283.49, 
2024-12-23T16:00:00Z,TSLA,429.4,-1,Market,Filled,-429.4, 
2024-12-24T15:00:00Z,TSLA,449.38,-3,Market,Filled,-1348.14, 
2024-12-24T16:00:00Z,TSLA,451.49,-1,Market,Filled,-451.49, 
2024-12-26T15:00:00Z,TSLA,457.97,-1,Market,Filled,-457.97, 
2024-12-26T17:00:00Z,TSLA,456.3,1,Market,Filled,456.3, 
2024-12-27T15:00:00Z,TSLA,439.7,2,Market,Filled,879.4, 
2024-12-27T16:00:00Z,TSLA,437.15,1,Market,Filled,437.15, 
2024-12-27T18:00:00Z,TSLA,433.65,1,Market,Filled,433.65, 
2024-12-27T19:00:00Z,TSLA,434.74,-1,Market,Filled,-434.74, 
2024-12-27T20:00:00Z,TSLA,431.48,1,Market,Filled,431.48, 
2024-12-30T15:00:00Z,TSLA,418.2,3,Market,Filled,1254.6, 
2024-12-30T16:00:00Z,TSLA,420.13,-1,Market,Filled,-420.13, 
2024-12-31T16:00:00Z,TSLA,415.9,1,Market,Filled,415.9, 
2024-12-31T18:00:00Z,TSLA,412.21,1,Market,Filled,412.21, 